age,gender,time_on_site,pages_viewed,previous_purchases,cart_added,churn_probability,prediction
22,F,1056,19,4,0,0.99225426,1
58,F,93,17,12,1,0.9999738,1
52,F,489,23,0,1,0.9996728,1
40,F,560,24,6,1,0.9999074,1
31,M,300,12,2,0,0.99846846,1
45,F,780,28,8,1,0.9995228,1
27,M,120,9,1,0,0.9859635,1
36,F,640,21,5,1,0.99938095,1
50,M,200,15,3,0,0.54408467,1
29,F,900,26,7,1,0.9994498,1
